{
  "sap.cloud.service": "com.sap.apps.documentinformationextraction",
  "saasregistryenabled": true,
  "html5-apps-repo": {
    "app_host_id": "3f7b13de-2ebe-456e-ac77-6e7641ba9fa3"
  },
  "uaa": {
    "tenantmode": "shared",
    "sburl": "https://internal-xsuaa.authentication.eu12.hana.ondemand.com",
    "subaccountid": "52a1d899-9f46-42f4-bc7a-e1b165aa09a8",
    "credential-type": "binding-secret",
    "clientid": "sb-1215a0b0-2eb4-469d-89f9-1a933e7b5e33!b1322472|dox-xsuaa-std-internal-production!b278037",
    "xsappname": "1215a0b0-2eb4-469d-89f9-1a933e7b5e33!b1322472|dox-xsuaa-std-internal-production!b278037",
    "clientsecret": "7974b4e7-f6ac-4cdb-8de4-ab2009ff7067$apY8h4Ut--88x_pASSevLYBLtwjU_Qz2b-fDT0CzuD0=",
    "serviceInstanceId": "1215a0b0-2eb4-469d-89f9-1a933e7b5e33",
    "url": "https://learning-fest-2-70ouhtic.authentication.eu12.hana.ondemand.com",
    "uaadomain": "authentication.eu12.hana.ondemand.com",
    "verificationkey": "-----BEGIN PUBLIC KEY-----\nMIIBIjANBgkqhkiG9w0BAQEFAAOCAQ8AMIIBCgKCAQEAt0wp4jB1g+tdwtDEB2vm\n/qBen8SpRnnzqSYxI3yeqwa5ivm4U3vMqtQ11XR0y0Oq7n8cBOmP46Y9xVoSMKre\nPoz4eQzAt11NF1xkmY808ciVInSC9+c/yHCktcVQwKLslGnPn188pl09CY1+THN9\niULI61loguTYzjEDtbYtj9hK0+eK0eVY/aiCJmX22PyhDQtvg0oNf/xoUBFWwlQ5\n0AUAyewvH97PEYaQ1x1bNgWIDRmz3j12isjpOJj41dNl73qFQhSJ2iZbt/8ceguO\nPMf1bO2nvIcNugB5VOAWsgIfEi8gG+Mn9Tfrzaj5ss3mVmcd74Kse+7xcNeL1DQd\nKwIDAQAB\n-----END PUBLIC KEY-----",
    "apiurl": "https://api.authentication.eu12.hana.ondemand.com",
    "identityzone": "learning-fest-2-70ouhtic",
    "identityzoneid": "52a1d899-9f46-42f4-bc7a-e1b165aa09a8",
    "tenantid": "52a1d899-9f46-42f4-bc7a-e1b165aa09a8",
    "zoneid": "52a1d899-9f46-42f4-bc7a-e1b165aa09a8"
  },
  "url": "https://aiservices-dox.cfapps.eu12.hana.ondemand.com",
  "dwcreuseservice": true,
  "swagger": "/document-information-extraction/v1/",
  "endpoints": {
    "backend": {
      "url": "https://aiservices-dox.cfapps.eu12.hana.ondemand.com",
      "timeout": 30000
    }
  },
  "tenantuiurl": "https://learning-fest-2-70ouhtic.eu12-canary.doc.cloud.sap"
}
